"JsonPath","JsonName","SizeKB","RefInCode"
"node_modules\vite\package.json","package.json","4.97","5"
"package.json","package.json","0.38","5"
"node_modules\tinyglobby\package.json","package.json","1.61","5"
"node_modules\nanoid\non-secure\package.json","package.json","0.1","5"
"node_modules\nanoid\url-alphabet\package.json","package.json","0.1","5"
"node_modules\nanoid\package.json","package.json","2.23","5"
"node_modules\source-map-js\package.json","package.json","2.49","5"
"node_modules\picomatch\package.json","package.json","1.91","5"
"node_modules\postcss\package.json","package.json","2.44","5"
"node_modules\rollup\dist\es\package.json","package.json","0.02","5"
"node_modules\rollup\package.json","package.json","11.28","5"
"node_modules\phaser\package.json","package.json","5.48","5"
"node_modules\picocolors\package.json","package.json","0.54","5"
"node_modules\vite\types\package.json","package.json","0.11","5"
"node_modules\@esbuild\win32-x64\package.json","package.json","0.37","5"
"node_modules\@rollup\rollup-win32-x64-msvc\package.json","package.json","0.38","5"
"node_modules\typescript\package.json","package.json","3.54","5"
"node_modules\undici-types\package.json","package.json","1.17","5"
"node_modules\.vite\deps\package.json","package.json","0.02","5"
"node_modules\@types\estree\package.json","package.json","0.81","5"
"node_modules\eventemitter3\package.json","package.json","1.58","5"
"node_modules\fdir\package.json","package.json","2.36","5"
"node_modules\nanoid\async\package.json","package.json","0.23","5"
"node_modules\esbuild\package.json","package.json","1.43","5"
"node_modules\@types\node\package.json","package.json","4.4","5"
"config.json","config.json","0.69","4"
"discs.json","discs.json","1.22","3"
"assets\json\courses.json","courses.json","4.68","2"
"tsconfig.json","tsconfig.json","0.52","2"
"ui_layout.json","ui_layout.json","0.33","2"
"node_modules\phaser\scripts\tsgen\test\tsconfig.json","tsconfig.json","0.58","2"
"node_modules\phaser\scripts\tsgen\tsconfig.json","tsconfig.json","0.36","2"
"ui_motion.json","ui_motion.json","0.86","1"
"ui_buttons.json","ui_buttons.json","0.46","1"
"opponents.json","opponents.json","1.32","1"
"ui_ambience.json","ui_ambience.json","0.54","1"
"ui_theme.json","ui_theme.json","1.89","1"
"assets\json\tuning_throw.json","tuning_throw.json","1.42","1"
"assets\json\ui_course.json","ui_course.json","0.67","1"
"node_modules\phaser\types\phaser.json","phaser.json","46190.09","1"
"package-lock.json","package-lock.json","31.64","0"
"node_modules\phaser\plugins\spine\tsconfig.webgl.json","tsconfig.webgl.json","0.64","0"
"rivals.json","rivals.json","0.52","0"
"node_modules\phaser\scripts\tsgen\jsdoc-tsd.conf.json","jsdoc-tsd.conf.json","0.97","0"
"items.json","items.json","0.83","0"
"events.json","events.json","1.73","0"
"names.json","names.json","0.93","0"
"share_templates.json","share_templates.json","0.46","0"
"node_modules\.vite\deps\_metadata.json","_metadata.json","0.29","0"
"node_modules\phaser\plugins\spine\tsconfig.both.json","tsconfig.both.json","0.74","0"
"node_modules\typescript\lib\ja\diagnosticMessages.generated.json","diagnosticMessages.generated.json","372.46","0"
"ui_sfx.json","ui_sfx.json","0.43","0"
"talent_tree.json","talent_tree.json","4.89","0"
"shop_clubhouse.json","shop_clubhouse.json","0.66","0"
"node_modules\phaser\plugins\spine\tsconfig.canvas.json","tsconfig.canvas.json","0.57","0"
"traits.json","traits.json","1","0"
"node_modules\typescript\lib\zh-tw\diagnosticMessages.generated.json","diagnosticMessages.generated.json","285.68","0"
"node_modules\typescript\lib\zh-cn\diagnosticMessages.generated.json","diagnosticMessages.generated.json","288.97","0"
"node_modules\typescript\lib\it\diagnosticMessages.generated.json","diagnosticMessages.generated.json","331.45","0"
"node_modules\typescript\lib\typesMap.json","typesMap.json","16.39","0"
"node_modules\typescript\lib\tr\diagnosticMessages.generated.json","diagnosticMessages.generated.json","322.93","0"
"node_modules\typescript\lib\pl\diagnosticMessages.generated.json","diagnosticMessages.generated.json","334.09","0"
"node_modules\typescript\lib\ko\diagnosticMessages.generated.json","diagnosticMessages.generated.json","338.03","0"
"node_modules\typescript\lib\ru\diagnosticMessages.generated.json","diagnosticMessages.generated.json","433.19","0"
"node_modules\typescript\lib\pt-br\diagnosticMessages.generated.json","diagnosticMessages.generated.json","322.74","0"
"course_library.json","course_library.json","0.02","0"
"course_lakeview_pines_seed47291.json","course_lakeview_pines_seed47291.json","3.52","0"
"drops_tables.json","drops_tables.json","0.6","0"
"discs_catalog.json","discs_catalog.json","2.14","0"
"node_modules\typescript\lib\cs\diagnosticMessages.generated.json","diagnosticMessages.generated.json","312.94","0"
"node_modules\typescript\lib\es\diagnosticMessages.generated.json","diagnosticMessages.generated.json","332.08","0"
"node_modules\typescript\lib\fr\diagnosticMessages.generated.json","diagnosticMessages.generated.json","337.91","0"
"node_modules\.package-lock.json",".package-lock.json","11.23","0"
"node_modules\typescript\lib\de\diagnosticMessages.generated.json","diagnosticMessages.generated.json","336.35","0"
